"Tender/Ref No.","Title","Agency","Procurement Category","Source","Scope Summary","Publish Date/Time","Closing Date/Time","Status","Link"
"","PROVISION OF LABOUR AND SUPPORT SERVICES FOR GAS COMPRESSION OVERHAUL","City Energy Pte. Ltd. (as Trustee of City Energy Trust)","Others: Others","TenderBoard","","8 Oct","20 Oct","Live","https://www.tenderboard.biz/singaporetenders"
"","F26087 RFQ for Bed Privacy Curtain for All Saints Home Jurong East Dormitory","ALL SAINTS HOME","Construction: Renovation Supplies & Services","TenderBoard","","8 Oct","16 Oct","Live","https://www.tenderboard.biz/singaporetenders"
"","SUPPLY, DELIVERY INSTALLATION/COMMISSIONING, DISPOSAL AND MAINTENANCE OF PEDAL BOATS AND HYDROBIKES, AND DISPOSAL OF EXISTING PEDAL BOATS AT SINGAPORE DISCOVERY CENTRE","Defence Collective Singapore Ltd","Administration & Training: Sports & Recreational Equipment","TenderBoard","","8 Oct","15 Oct","Live","https://www.tenderboard.biz/singaporetenders"
"","Provision of Ad-Hoc Bus Transport Services 2027 for Spectra Secondary School","Spectra Secondary School","Not Specified","TenderBoard","","8 Oct","19 Oct","Live","https://www.tenderboard.biz/singaporetenders"
"","PROVISION OF PUBLIC RELATIONS (PR) AND COMMUNICATIONS SERVICES FOR NATIONAL TRADES UNION CONGRESS","National Trades Union Congress","Not Specified","TenderBoard","","8 Oct","28 Oct","Live","https://www.tenderboard.biz/singaporetenders"
"","SUPPLY AND DELIVERY OF KOSO POSITIONER TO SENOKO GASWORKS","City Energy Pte. Ltd. (as Trustee of City Energy Trust)","Others: Others","TenderBoard","","8 Oct","19 Oct","Live","https://www.tenderboard.biz/singaporetenders"
"","INVITATION TO QUOTE (ITQ) - APPOINTMENT OF A PANEL OF SUPPLIERS FOR THE SUBSCRIPTION OF MOBILE DEVICE MANAGEMENT (MDM) LICENCES AND THE PROVISION OF THE CORRESPONDING PROFESSIONAL AND MANAGEMENT SERVICES FOR THREE (3) YEARS FROM 10 NOVEMBER 2026 TO 9 NOVEMBER 2029","MINDS","IT&Telecommunication: Softwares & Licences","TenderBoard","","8 Oct","19 Oct","Live","https://www.tenderboard.biz/singaporetenders"
"","PRINTING, INSTALLATION AND DISMANTLING OF FESTIVE BILLBOARD BANNERS FROM 1 JANUARY 2027 – 31 DECEMBER 2029 (3 YEARS)","Aljunied-Hougang Town Council","Administration & Training: Printing Services","TenderBoard","","8 Oct","27 Oct","Live","https://www.tenderboard.biz/singaporetenders"
"","Holiday Enrichment Camps for 2 years","SINGAPORE INDIAN DEVELOPMENT ASSOCIATION (SINDA)","Others: Others","TenderBoard","","8 Oct","29 Oct","Live","https://www.tenderboard.biz/singaporetenders"
"","Provision of Customized Care Pack - Milk Powder (Ensure) in TM and SP for Nov/Dec 2026 Distribution (80 beneficiaries)","Singapore Red Cross Society","Others: Others","TenderBoard","","8 Oct","15 Oct","Live","https://www.tenderboard.biz/singaporetenders"
"","RFQ for Cable Bearer (Painted Yellow Tip) with Pin Lock.","NetLink Management Pte. Ltd. (as Trustee of NetLink Trust)","Others: Others","TenderBoard","","8 Oct","15 Oct","Live","https://www.tenderboard.biz/singaporetenders"
"","TLR-ProPower Blender 5000 Series HR3034/00 1200W Glass Blender
with Grinder Smoothie Maker Blender","LENTOR HEALTH NURSING HOME","Others: Others","TenderBoard","","8 Oct","13 Oct","Live","https://www.tenderboard.biz/singaporetenders"
"","SUPPLY, DELIVERY, INSTALLATION, TESTING AND COMMISSIONING OF TWO (2) UNITS OF GAS COMPRESSOR COOLING TOWER UT-5302A AND UT-5302B","City Energy Pte. Ltd. (as Trustee of City Energy Trust)","Others: Others","TenderBoard","","8 Oct","22 Oct","Live","https://www.tenderboard.biz/singaporetenders"
"","Halal Bento Breakfast and Lunch Set-up Buffet  for Graduation Day 2026","APSN","Event Organising, Food & Beverages: Catering Services","TenderBoard","","8 Oct","15 Oct","Live","https://www.tenderboard.biz/singaporetenders"
"","St. Andrew’s Community Hospital (Bedok) Request for Proposal (RFP) Patient Transfer Hoist with Scale","St. Andrew's Community Hospital","Not Specified","TenderBoard","","8 Oct","29 Oct","Live","https://www.tenderboard.biz/singaporetenders"
"","HGG - Purchase 5-way Extension Cord","LENTOR HEALTH NURSING HOME","Construction: Others","TenderBoard","","7 Oct","9 Oct","Live","https://www.tenderboard.biz/singaporetenders"
"","Provision of Transportation Services for Autism Resource Centre and Pathlight School","Pathlight School (Ang Mo Kio)","Not Specified","TenderBoard","","7 Oct","23 Oct","Live","https://www.tenderboard.biz/singaporetenders"
"","SUPPLY, FABRICATION AND DELIVERY OF INCONEL ALLOY PLATE TO SENOKO GASWORKS","City Energy Pte. Ltd. (as Trustee of City Energy Trust)","Others: Others","TenderBoard","","7 Oct","15 Oct","Live","https://www.tenderboard.biz/singaporetenders"
"","SUPPLY AND DELIVERY OF CUSTOMISED BASKETBALL APPAREL FOR THE NATIONAL BASKETBALL PROGRAMME (ITQ: 26/0043)","Sport Excellence Singapore (SpexSG) Ltd.","Miscellaneous: Others","TenderBoard","","7 Oct","16 Oct","Live","https://www.tenderboard.biz/singaporetenders"
"","Athlete Gym Equipment","SIM - Singapore Institute of Management","Not Specified","TenderBoard","","7 Oct","9 Oct","Live","https://www.tenderboard.biz/singaporetenders"
"","Canoe Paddling Adapter - Concept 2","SIM - Singapore Institute of Management","Not Specified","TenderBoard","","7 Oct","16 Oct","Live","https://www.tenderboard.biz/singaporetenders"
"","Seal Row Bench","SIM - Singapore Institute of Management","Not Specified","TenderBoard","","7 Oct","16 Oct","Live","https://www.tenderboard.biz/singaporetenders"
"","Misc Items for Company Van","SIM - Singapore Institute of Management","Not Specified","TenderBoard","","7 Oct","9 Oct","Live","https://www.tenderboard.biz/singaporetenders"
"","Purchase of Equipments and Tools","Sree Narayana Mission (Singapore)","Facilities Management: Building, M&E Maintenance","TenderBoard","","7 Oct","13 Oct","Live","https://www.tenderboard.biz/singaporetenders"
"","Replacement of Bi-fold door for AV unblock view in Habitat Ballroom","The Singapore Island Country Club","Construction: Renovation Supplies & Services","TenderBoard","","7 Oct","14 Oct","Live","https://www.tenderboard.biz/singaporetenders"
"","Waterproofing of entire roof and spot repairs to roof insulation machinery parking shelters at GCM","The Singapore Island Country Club","Construction: Repairs & Redecoration","TenderBoard","","7 Oct","14 Oct","Live","https://www.tenderboard.biz/singaporetenders"
"","10000968 Nevis Dry Bag with 1 colour logo print","SIM - Singapore Institute of Management","Not Specified","TenderBoard","","7 Oct","13 Oct","Live","https://www.tenderboard.biz/singaporetenders"
"","RFQ DESIGN, SUPPLY AND INSTALLATION OF AUTOMATED TRACTION SYSTEM AT BUKIT BISTRO ALFRESCO AREA","The Singapore Island Country Club","Construction: General Building & Minor Construction Works","TenderBoard","","7 Oct","20 Oct","Live","https://www.tenderboard.biz/singaporetenders"
"","Nursing @ NHRW - Purchase of NEW Oxygen Cylinder","Sree Narayana Mission (Singapore)","Dental, Medical & Laboratory: Others","TenderBoard","","7 Oct","14 Oct","Live","https://www.tenderboard.biz/singaporetenders"
"","Beverage Supply - Nestle Products (Milo, Coffee, and Tea, etc)","LENTOR HEALTH NURSING HOME","Event Organising, Food & Beverages: Pantry Supplies","TenderBoard","","7 Oct","14 Oct","Live","https://www.tenderboard.biz/singaporetenders"
"","Provision of KnowBe4 Security Awareness Training and Simulated Phishing Platform for All Saints Home","ALL SAINTS HOME","IT&Telecommunication: Others","TenderBoard","","7 Oct","14 Oct","Live","https://www.tenderboard.biz/singaporetenders"
"","Notice for Request for Proposals (RFP) for Outsourced Laundry Services for St. Andrew’s Community Hospitals (SACH - Simei and Bedok)","St. Andrew's Community Hospital","Not Specified","TenderBoard","","6 Oct","19 Oct","Live","https://www.tenderboard.biz/singaporetenders"
"","HGG - 4-tier Plastics Storage Cabinet Drawer","LENTOR HEALTH NURSING HOME","Administration & Training: Office Supplies & Stationery","TenderBoard","","6 Oct","9 Oct","Live","https://www.tenderboard.biz/singaporetenders"
"","WCL Replenishment of Ultrasound Gel","LENTOR HEALTH NURSING HOME","Construction: Others","TenderBoard","","6 Oct","12 Oct","Live","https://www.tenderboard.biz/singaporetenders"
"","PROVISION OF SUSTAINABILITY LINKED LOAN VERIFICATION","City Energy Pte. Ltd. (as Trustee of City Energy Trust)","Others: Others","TenderBoard","","6 Oct","16 Oct","Live","https://www.tenderboard.biz/singaporetenders"
"","PROVISION OF LABOUR, EQUIPMENT & TOOLS FOR VAPORIZER COIL REPLACEMENT WORKS AT MPCG PLANT","City Energy Pte. Ltd. (as Trustee of City Energy Trust)","Others: Others","TenderBoard","","6 Oct","14 Oct","Live","https://www.tenderboard.biz/singaporetenders"
"","Topographical Survey and Underground Services detection - Proposed Town Improvement Projects at 3 sites - TB division","TANJONG PAGAR TOWN COUNCIL","Construction: Others","TenderBoard","","6 Oct","13 Oct","Live","https://www.tenderboard.biz/singaporetenders"
"","THE PROVISION OF BCA GREEN MARK CERTIFICATION CONSULTANCY AND AUDIT SERVICES","Defence Collective Singapore Ltd","Facilities Management: Green Mark Consultancy Services","TenderBoard","","6 Oct","26 Oct","Live","https://www.tenderboard.biz/singaporetenders"
"","F26005 RFQ for Supply and Delivery Avanos CORFLO NG Feeding Tube (ENFit), Avanos 60 mL ENFit Syringe and Kangaroo Non-Weighted Feeding Tube for All Saints Home","ALL SAINTS HOME","Dental, Medical & Laboratory: Others","TenderBoard","","6 Oct","20 Oct","Live","https://www.tenderboard.biz/singaporetenders"
"","WCL- Colostomy Bag","LENTOR HEALTH NURSING HOME","Others: Others","TenderBoard","","6 Oct","12 Oct","Live","https://www.tenderboard.biz/singaporetenders"
"","ASH2026-09 Addition & Alteration (A&A) Works for Level 2 Dementia Ward at All Saints Home (Tampines)","ALL SAINTS HOME","Construction: Others","TenderBoard","","6 Oct","9 Nov","Live","https://www.tenderboard.biz/singaporetenders"
"","Enhancement of HQ WiFi @ Level 1","Singapore Red Cross Society","IT&Telecommunication: Telecommunication Devices","TenderBoard","","6 Oct","13 Oct","Live","https://www.tenderboard.biz/singaporetenders"
"","Supply of Chemicals including delivery and transferring","Meranti Power Pte Ltd","Others: Others","TenderBoard","","6 Oct","16 Oct","Live","https://www.tenderboard.biz/singaporetenders"
"","Ziplock bag","KWONG WAI SHIU HOSPITAL","Not Specified","TenderBoard","","6 Oct","12 Oct","Live","https://www.tenderboard.biz/singaporetenders"
"","SUPPLY AND DELIVERY OF FAIRCOL RA68 TO CITY ENERGY","City Energy Pte. Ltd. (as Trustee of City Energy Trust)","Others: Others","TenderBoard","","6 Oct","14 Oct","Live","https://www.tenderboard.biz/singaporetenders"
"","TO SUPPLY AND DELIVER WHISKYS FOR THE MONTH OF JAN AND FEB 2027 (MUST FROM AUTHORISED DEALER)","The Singapore Island Country Club","Others: Others","TenderBoard","","6 Oct","13 Oct","Live","https://www.tenderboard.biz/singaporetenders"
"","TENDER FOR COMMUTER VAN PROCUREMENT FOR ST. ANDREW’S AUTISM CENTRE (SAAC)","St. Andrew's Autism Centre","Not Specified","TenderBoard","","6 Oct","22 Oct","Live","https://www.tenderboard.biz/singaporetenders"
"","RFP - PROPOSED IP CCTV SYSTEM FOR FAMILY SUPPORT SERVICES","The Salvation Army Territorial Headquarters","Facilities Management: Security Equipment & Supplies","TenderBoard","","6 Oct","12 Oct","Live","https://www.tenderboard.biz/singaporetenders"
"","Purchase of Pro Tapes (Gaffer Tapes)","SO DRAMA! ENTERTAINMENT","Furniture, Office Equipment & Audio-Visual: AV Equipment, Photographic Equipment & Accessories","TenderBoard","","6 Oct","12 Oct","Live","https://www.tenderboard.biz/singaporetenders"
"","TO2026022 - INVITATION TO TENDER FOR PROVISION OF EVENT MANAGEMENT SERVICES FOR OPEN HOUSE 2027, WITH AN OPTION TO EXTEND THE CONTRACT FOR AN ADDITIONAL 1-YEAR TERM FOR OPEN HOUSE 2028 FOR SINGAPORE INSTITUTE OF TECHNOLOGY","SINGAPORE INSTITUTE OF TECHNOLOGY","Event Organising, Food & Beverages: Event Organising","TenderBoard","","6 Oct","2 Nov","Live","https://www.tenderboard.biz/singaporetenders"
"","INVITATION TO TENDER FOR TERM CONTRACT FOR BUILDING WORKS FOR AWWA LTD FOR A PERIOD OF TWO (2) YEARS WITH AN OPTION TO EXTEND FOR ANOTHER TWO (2) YEAR AND AN OPTION TO EXTEND FOR ANOTHER ONE (1) YEAR AFTER FOURTH YEAR EXTENSION","AWWA LTD.","Construction: General Building & Minor Construction Works","TenderBoard","","5 Oct","23 Oct","Live","https://www.tenderboard.biz/singaporetenders"
"","PROVISION OF OIL SPILL RESPONSE SERVICE FOR A PERIOD OF TWO (2) YEARS","City Energy Pte. Ltd. (as Trustee of City Energy Trust)","Others: Others","TenderBoard","","5 Oct","13 Oct","Live","https://www.tenderboard.biz/singaporetenders"
"","F26094 RFQ for Customization & Fabrication, Supply, Delivery, Installation Fire Fighting Equipment Cabinet for All Saints Home Jurong East","ALL SAINTS HOME","Construction: Renovation Supplies & Services","TenderBoard","","5 Oct","19 Oct","Live","https://www.tenderboard.biz/singaporetenders"
"","Supply & Delivery of School Uniforms","AWWA LTD.","Services: Tailoring","TenderBoard","","5 Oct","12 Oct","Live","https://www.tenderboard.biz/singaporetenders"
"","Design and Build new playground at NAFA Campus 1 open terrace for NAFA Arts Preschool","NANYANG ACADEMY OF FINE ARTS","Construction: General Building & Minor Construction Works","TenderBoard","","5 Oct","20 Oct","Live","https://www.tenderboard.biz/singaporetenders"
"","THE PROCUREMENT OF CUSTOMIZATION OF COMPANY OFFSITE TEAM COHESION EVENT 2026","Institute for Human Resource Professionals Limited","Event Organising, Food & Beverages: Event Organising","TenderBoard","","5 Oct","13 Oct","Live","https://www.tenderboard.biz/singaporetenders"
"","Provision of Parquet Floor Sanding, Polishing and Spot Replacement for Iman Childcare (Woodgrove)","Persatuan Pemudi Islam Singapura (PPIS)","Construction: Renovation Supplies & Services","TenderBoard","","5 Oct","14 Oct","Live","https://www.tenderboard.biz/singaporetenders"
"","Provision of External Audit Services (Financial Statements/Gambling Duties Return/GRA/Income Tax) to The Tanglin Club","TANGLIN CLUB","Services: Professional Services","TenderBoard","","5 Oct","19 Oct","Live","https://www.tenderboard.biz/singaporetenders"
"","Provision of Roller Blinds for Iman Childcare (Woodgrove)","Persatuan Pemudi Islam Singapura (PPIS)","Furniture, Office Equipment & Audio-Visual: Others","TenderBoard","","5 Oct","14 Oct","Live","https://www.tenderboard.biz/singaporetenders"
"","PROVISION OF ALL RISK, MONEY AND FIDELITY GUARANTEE INSURANCE FOR ALJUNIED-HOUGANG TOWN COUNCIL FOR THE PERIOD OF 01 JANUARY 2027 TO 31 DECEMBER 2027","Aljunied-Hougang Town Council","Services: Professional Services","TenderBoard","","5 Oct","22 Oct","Live","https://www.tenderboard.biz/singaporetenders"
"","Tender RFP- Interior Fit-out Contractor For Refurbishment Works of Common Toilets to The Tanglin Club","TANGLIN CLUB","Construction: Others","TenderBoard","","5 Oct","27 Oct","Live","https://www.tenderboard.biz/singaporetenders"
"","Tender RFP- Interior Fit-out Contractor For Refurbishment Works of Back-of-House (Housekeeping and Facilities) Offices to The Tanglin Club","TANGLIN CLUB","Construction: Others","TenderBoard","","5 Oct","27 Oct","Live","https://www.tenderboard.biz/singaporetenders"
"","Provision of New Aircon System","Persatuan Pemudi Islam Singapura (PPIS)","Facilities Management: Airconditioning, Refrigeration & Ventilation Works & Maintenance","TenderBoard","","5 Oct","14 Oct","Live","https://www.tenderboard.biz/singaporetenders"
"","ITQ for classroom Students' furniture to be carried out at 10 Ang Mo Kio St 54 S569185 Level 3 Classrooms- Chaozheng Programme","APSN","Furniture, Office Equipment & Audio-Visual: Furniture","TenderBoard","","5 Oct","12 Oct","Live","https://www.tenderboard.biz/singaporetenders"
"","Provision of Painting Services at Iman Woodgrove","Persatuan Pemudi Islam Singapura (PPIS)","Construction: Renovation Supplies & Services","TenderBoard","","5 Oct","14 Oct","Live","https://www.tenderboard.biz/singaporetenders"
"","PRINTING OF FESTIVE/MASCOT/AD-HOC POSTERS FOR THE PERIOD 1 JAN 2027 TO 31 DEC 2029","Aljunied-Hougang Town Council","Administration & Training: Printing Services","TenderBoard","","5 Oct","22 Oct","Live","https://www.tenderboard.biz/singaporetenders"
"","Transportation service on 30 October 2026 - 6.30PM - 40 pax","Sree Narayana Mission (Singapore)","Transportation: Bus Hire","TenderBoard","","5 Oct","14 Oct","Live","https://www.tenderboard.biz/singaporetenders"
"","ANNUAL FLU VACCINE (NORTHERN HEMISPHERE, 05ML) VACCINATIONS RESIDENTS AND
STAFF-200 pax","Sree Narayana Mission (Singapore)","Dental, Medical & Laboratory: Others","TenderBoard","","5 Oct","14 Oct","Live","https://www.tenderboard.biz/singaporetenders"
"","Invitation to Quote for the Supply, Design and Delivery of Bespoke Handmade Miniature Figurines for Christmas Show 2026 at Flower Dome, Gardens by the Bay, Singapore","GARDENS BY THE BAY","Others: Others","TenderBoard","","5 Oct","13 Oct","Live","https://www.tenderboard.biz/singaporetenders"
"","ITT FOR SIMGE ALUMNI SURVEY & SIMGE GRADUATE EMPLOYMENT SURVEY","SIM - Singapore Institute of Management","Not Specified","TenderBoard","","5 Oct","23 Oct","Live","https://www.tenderboard.biz/singaporetenders"
"","FOR THE DEVELOPMENT AND IMPLEMENTATION OF SCHOOL ASSEMBLY PROGRAMMES BASED ON NEW SPECIAL EXHIBITION  - CHILDREN’S MUSEUM SINGAPORE (CMSG)","HeritageSG","Services: Professional Services","TenderBoard","","5 Oct","16 Oct","Live","https://www.tenderboard.biz/singaporetenders"
"","ITT FOR THE PROVISION OF COMPREHENSIVE SECURITY SERVICES FOR A PERIOD OF TWO (2) YEARS FROM 1 APRIL 2027 TO 31 MARCH 2029, WITH AN OPTION TO EXTEND FOR A FURTHER TWO (2) YEARS AT SINGAPORE INSTITUTE OF MANAGEMENT 461 CLEMENTI ROAD AND 41 NAMLY AVENUE","SIM - Singapore Institute of Management","Not Specified","TenderBoard","","5 Oct","3 Nov","Live","https://www.tenderboard.biz/singaporetenders"
"","Self-Care Planning and Contingency Planning Resources for Caregivers","SG ENABLE LTD.","Others: Others","TenderBoard","","5 Oct","16 Oct","Live","https://www.tenderboard.biz/singaporetenders"
"","Provision of supply and delivery of Firewall and Network","Ang Mo Kio - Thye Hua Kwan Hospital Ltd","IT&Telecommunication: IT Services & Software Development","TenderBoard","","5 Oct","12 Oct","Live","https://www.tenderboard.biz/singaporetenders"
"","Purchase of Keyboard + Hardcase (Roland RD-2000 + Hardcase)","SO DRAMA! ENTERTAINMENT","Furniture, Office Equipment & Audio-Visual: AV Equipment, Photographic Equipment & Accessories","TenderBoard","","4 Oct","9 Oct","Live","https://www.tenderboard.biz/singaporetenders"
"","Microsoft 365 Business Premium (Non Profit Benefit Pricing) Subscription License Renewal for One Year.","LING KWANG HOME FOR SENIOR CITIZENS","IT&Telecommunication: Softwares & Licences","TenderBoard","","3 Oct","10 Oct","Live","https://www.tenderboard.biz/singaporetenders"
"","3M™ Attest™ Super Rapid Steam Biological Indicator, 50ea/bx.  (Model: 1491)","LING KWANG HOME FOR SENIOR CITIZENS","Dental, Medical & Laboratory: Laboratory Equipment & Supplies","TenderBoard","","3 Oct","10 Oct","Live","https://www.tenderboard.biz/singaporetenders"
"","Guedal airway - Size 2 and Size 3","LING KWANG HOME FOR SENIOR CITIZENS","Dental, Medical & Laboratory: Others","TenderBoard","","3 Oct","10 Oct","Live","https://www.tenderboard.biz/singaporetenders"
"","EVENT MANAGEMENT SERVICES FOR PPIS75 EVENTS","Persatuan Pemudi Islam Singapura (PPIS)","Event Organising, Food & Beverages: Event Organising","TenderBoard","","2 Oct","15 Oct","Live","https://www.tenderboard.biz/singaporetenders"
"","ITQ for the renewal of SAP B1, Jet report licenses, InvoiceNow implementation with training, maintenance and helpdesk support services for SAP B1 for 2 years with option to extend for 1 another year","SG ENABLE LTD.","IT&Telecommunication: IT Services & Software Development","TenderBoard","","2 Oct","21 Oct","Live","https://www.tenderboard.biz/singaporetenders"
"","Supply & Delivery of lanyards","SIM - Singapore Institute of Management","Not Specified","TenderBoard","","2 Oct","9 Oct","Live","https://www.tenderboard.biz/singaporetenders"
"","Tender RFP For The Proposed Construction of Outdoor Deck on a Turnkey Basis at The Terrace & Bistro Bar (TBB), The Tanglin Club","TANGLIN CLUB","Construction: Others","TenderBoard","","2 Oct","27 Oct","Live","https://www.tenderboard.biz/singaporetenders"
"","Deepavali Carepack","APSN","Administration & Training: Gifts & Souvenirs","TenderBoard","","2 Oct","9 Oct","Live","https://www.tenderboard.biz/singaporetenders"
"","TENDER SICC/015/2026 FOR SUPPLY OF LABOUR SERVICES TO MAINTAIN 18-HOLE BUKIT COURSE AT BUKIT LOCATION, THE SINGAPORE ISLAND COUNTRY CLUB, 240 SIME ROAD, SINGAPORE 288303 – 4 YEARS CONTRACT","The Singapore Island Country Club","Services: Data Entry, Supply of Manpower Services","TenderBoard","","2 Oct","16 Oct","Live","https://www.tenderboard.biz/singaporetenders"
"","Request for Proposal (RFP) for Supply and Manufacture of Uniforms","Methodist Welfare Services","Others: Others","TenderBoard","","2 Oct","27 Oct","Live","https://www.tenderboard.biz/singaporetenders"
"","Provision of Knowledge Management Consultancy for Yayasan MENDAKI","Yayasan MENDAKI","Services: Professional Services","TenderBoard","","2 Oct","15 Oct","Live","https://www.tenderboard.biz/singaporetenders"
"","Provision of Integrated Campaign Services for PPIS","Persatuan Pemudi Islam Singapura (PPIS)","Services: Professional Services","TenderBoard","","2 Oct","15 Oct","Live","https://www.tenderboard.biz/singaporetenders"
"","10000947 Purchase of Training and Match Equipment","SIM - Singapore Institute of Management","Not Specified","TenderBoard","","2 Oct","9 Oct","Live","https://www.tenderboard.biz/singaporetenders"
"","Provision of New Aircon System and Relocation of Existing Aircon","Persatuan Pemudi Islam Singapura (PPIS)","Facilities Management: Airconditioning, Refrigeration & Ventilation Works & Maintenance","TenderBoard","","2 Oct","14 Oct","Live","https://www.tenderboard.biz/singaporetenders"
"","RFQ CRYSTAL VASE TROPHY FOR TENNIS, PICKLEBALL AND PADEL CLUB CHAMPIONSHIPS","The Singapore Island Country Club","Administration & Training: Medals & Trophies","TenderBoard","","2 Oct","9 Oct","Live","https://www.tenderboard.biz/singaporetenders"
"","Year-end Token 2026 - Puffy Pouch","Singapore Red Cross Society","Administration & Training: Gifts & Souvenirs","TenderBoard","","2 Oct","9 Oct","Live","https://www.tenderboard.biz/singaporetenders"
"","Finger gym & low restraint funny fall protect cushion","KWONG WAI SHIU HOSPITAL","Not Specified","TenderBoard","","2 Oct","9 Oct","Live","https://www.tenderboard.biz/singaporetenders"
"","Soccer Academies in SAFRA Tampines (1 Jan 2027 to 31 Dec 2029)","SAFRA National Service Association","Services: Professional Services","TenderBoard","","2 Oct","13 Oct","Live","https://www.tenderboard.biz/singaporetenders"
"","BMDP Website and CMS with Managed Hosting","The Bone Marrow Donor Programme","IT&Telecommunication: IT Services & Software Development","TenderBoard","","2 Oct","21 Oct","Live","https://www.tenderboard.biz/singaporetenders"
"","Provision of Housekeeping Service @ Dialysis Centre @ Novena","Ang Mo Kio - Thye Hua Kwan Hospital Ltd","Facilities Management: Cleaning Services","TenderBoard","","2 Oct","9 Oct","Live","https://www.tenderboard.biz/singaporetenders"
"","Invitation to Quote for the Design and Build of a Pedestrian Pontoon Bridge across Kingfisher Lake at Gardens by the Bay (South), Singapore","GARDENS BY THE BAY","Construction: General Building & Minor Construction Works","TenderBoard","","1 Oct","12 Oct","Live","https://www.tenderboard.biz/singaporetenders"
"","INVITATION TO TENDER FOR EMPLOYEE ENGAGEMENT AND PULSE SURVEY","Tripartite Alliance Limited","Not Specified","TenderBoard","","1 Oct","21 Oct","Live","https://www.tenderboard.biz/singaporetenders"
"","Supply, Delivery, Installation, Testing and Commissioning of Door Access Control System","ALL SAINTS HOME","Construction: Others","TenderBoard","","1 Oct","15 Oct","Live","https://www.tenderboard.biz/singaporetenders"
"","Expression Of Interest (EOI) For Master Plan Feasibility Study Consultancy Services For United World College Of South East Asia -
East Campus Development At 1 Tampines Street 73 (1st Stage Of 2-Stage QFM Tender)","United World College of South East Asia","Construction: Others","TenderBoard","","1 Oct","21 Oct","Live","https://www.tenderboard.biz/singaporetenders"
"","ITQ-FY26-TA-008 Invitation to Quote for SharePoint Online Migration Services","Tripartite Alliance Limited","IT&Telecommunication: Others","TenderBoard","","1 Oct","15 Oct","Live","https://www.tenderboard.biz/singaporetenders"
"","Design Development, Fabrication and Installation of the NS60 Exhibition with Travelling to the Heartlands, Communities and Post-Secondary Education Institutions (PSEIs)","Defence Collective Singapore Ltd","Others: Others","TenderBoard","","1 Oct","10 Nov","Live","https://www.tenderboard.biz/singaporetenders"
"","Startrac 91p-m9605 Repairs","SIM - Singapore Institute of Management","Not Specified","TenderBoard","","1 Oct","9 Oct","Live","https://www.tenderboard.biz/singaporetenders"
"","TO SUPPLY AND DELIVER 1M X 30M STAINLESS STEEL WOVEN WIRE MESH","Aljunied-Hougang Town Council","Construction: Others","TenderBoard","","1 Oct","20 Oct","Live","https://www.tenderboard.biz/singaporetenders"
"","(ITQ: 26/0048) SUPPLY LABOUR, TOOLS, AND EQUIPMENT TO REPAIR BADMINTON COURT FLOORING AT COURTS 8 AND 9 AT SINGAPORE SPORTS SCHOOL","Sport Excellence Singapore (SpexSG) Ltd.","Construction: Repairs & Redecoration","TenderBoard","","1 Oct","20 Oct","Live","https://www.tenderboard.biz/singaporetenders"
"","PROVISION OF OIL SPILL RESPONSE CRAFT (OSR) TO CITY ENERGY FOR A PERIOD OF TWO (2) YEARS","City Energy Pte. Ltd. (as Trustee of City Energy Trust)","Others: Others","TenderBoard","","1 Oct","13 Oct","Live","https://www.tenderboard.biz/singaporetenders"
"","Seafood & Frozen items supply for month of October 2026","Sree Narayana Mission (Singapore)","Others: Others","TenderBoard","","1 Oct","9 Oct","Live","https://www.tenderboard.biz/singaporetenders"
"","1.	Customer/Company screening for Sanction/AML/Adverse Media,etc x 3000/5000 searches for a period of 2 years
2.	Customer/Company monitoring for Sanction/AML/Adverse Media,etc x 3000/5000 searches for a period of 2 years","NetLink Management Pte. Ltd. (as Trustee of NetLink Trust)","IT&Telecommunication: IT Services & Software Development","TenderBoard","","1 Oct","12 Oct","Live","https://www.tenderboard.biz/singaporetenders"
"","Invitation to Quote for the Supply of Professional Event Management And Logistics Services For One (1) Event In Guangdong, China, to be held on a date between 26 and 28 November 2026","IPOS International","Event Organising, Food & Beverages: Event Organising","TenderBoard","","1 Oct","12 Oct","Live","https://www.tenderboard.biz/singaporetenders"
"","Operation and Tenancy of Poolside Cafe with Kitchen at Seletar Country Club","Seletar Country Club","Event Organising, Food & Beverages: Restaurants","TenderBoard","","1 Oct","12 Nov","Live","https://www.tenderboard.biz/singaporetenders"
"","REQUEST FOR QUOTATION (RFQ) FOR THE RESEARCH, DEVELOPMENT AND FACT-CHECKING OF 60 OBJECTS FOR NATIONAL HERITAGE BOARD’S DIGITAL OUTREACH PROJECT – ArCH SQUARE","HeritageSG","Administration & Training: Publications & Periodicals","TenderBoard","","30 Sep","9 Oct","Live","https://www.tenderboard.biz/singaporetenders"
"","WAAC - Transportation for Sinda Project Give Heartlands on 18/10/26","Sree Narayana Mission (Singapore)","Transportation: Bus Hire","TenderBoard","","30 Sep","12 Oct","Live","https://www.tenderboard.biz/singaporetenders"
"","The Provision of a Transport Van","United World College of South East Asia","Transportation: Others","TenderBoard","","30 Sep","14 Oct","Live","https://www.tenderboard.biz/singaporetenders"
"","Bowling Section Lucydraw prizes 2026","Singapore Recreation Club","Event Organising, Food & Beverages: Event Organising","TenderBoard","","30 Sep","16 Oct","Live","https://www.tenderboard.biz/singaporetenders"
"","Development of the New SAFRA Mobile App and Website","SAFRA National Service Association","IT&Telecommunication: IT Services & Software Development","TenderBoard","","29 Sep","5 Nov","Live","https://www.tenderboard.biz/singaporetenders"
"","Proposed Interior Fit-Out Works To Existing 1st & 2nd Storey Classrooms at FGS","MINDS","Construction: General Building & Minor Construction Works","TenderBoard","","29 Sep","26 Oct","Live","https://www.tenderboard.biz/singaporetenders"
"","TO RENEW NETWRIX MAINTENANCE FOR THE PERIOD OF 30 DECEMBER 2026 TO 29 DECEMBER 2029","Aljunied-Hougang Town Council","IT&Telecommunication: IT Services & Software Development","TenderBoard","","29 Sep","16 Oct","Live","https://www.tenderboard.biz/singaporetenders"
"","TERM CONTRACT FOR THE SANITARY & PLUMBING WORKS FOR PAYA LEBAR & SERANGOON DIVISIONS FOR A PERIOD OF
3 YEARS WITH THE OPTION TO EXTEND 2 YEARS","Aljunied-Hougang Town Council","Facilities Management: Plumbing & Sanitary Works","TenderBoard","","29 Sep","21 Oct","Live","https://www.tenderboard.biz/singaporetenders"
"","Certification of Temporary Site Stores and Structural Works for Lift Replacement Programme by Professional Engineer","E M Services Pte Ltd","Services: Professional Services","TenderBoard","","29 Sep","15 Oct","Live","https://www.tenderboard.biz/singaporetenders"
"","10000932 Short Video Editing & Adaptation","SIM - Singapore Institute of Management","Not Specified","TenderBoard","","28 Sep","9 Oct","Live","https://www.tenderboard.biz/singaporetenders"
"","Provision of SEO, GEO and AEO Services","Persatuan Pemudi Islam Singapura (PPIS)","IT&Telecommunication: IT Services & Software Development","TenderBoard","","28 Sep","9 Oct","Live","https://www.tenderboard.biz/singaporetenders"
"","Revamp of Sim Lim Square AI-Powered Marketplace Website Development","MCST 1440 Sim Lim Square","Others: Others","TenderBoard","","28 Sep","15 Oct","Live","https://www.tenderboard.biz/singaporetenders"
"","SPTEL IVR REFRESH FY26","SPTel Pte Ltd","IT&Telecommunication: IT Services & Software Development","TenderBoard","","28 Sep","21 Oct","Live","https://www.tenderboard.biz/singaporetenders"
"","REMOVAL AND DISPOSAL OF EIGHT (8) SIGNAGES ACROSS MULTIPLE EXPRESSWAYS","Defence Collective Singapore Ltd","Construction: Signages","TenderBoard","","28 Sep","9 Oct","Live","https://www.tenderboard.biz/singaporetenders"
"","REPLACEMENT OF POLYCARBONATE ROOF SHELTER AT THE SHOWER FACILITY, SINGAPORE DISCOVERY CENTRE","Defence Collective Singapore Ltd","Construction: General Building & Minor Construction Works","TenderBoard","","28 Sep","9 Oct","Live","https://www.tenderboard.biz/singaporetenders"
"","Red Packet & Orange Carrier ETA: 10 Jan 2027","TANGLIN CLUB","Others: Others","TenderBoard","","28 Sep","12 Oct","Live","https://www.tenderboard.biz/singaporetenders"
"","PROVISION OF NETWORK VAPT AND WEB APPLICATION VAPT SERVICE FOR SPD LTD.","SPD Ltd.","IT&Telecommunication: Others","TenderBoard","","28 Sep","9 Oct","Live","https://www.tenderboard.biz/singaporetenders"
"","Invitation to Tender for Virtualisation Infrastructure Technology Refresh Project","German European School Singapore","IT&Telecommunication: IT Services & Software Development","TenderBoard","","25 Sep","10 Nov","Live","https://www.tenderboard.biz/singaporetenders"
"","F26090 RFQ Supply, Delivery, Installation, Testing, Commisioning for 18” Wheelchairs, 20” Wheelchairs, Therapeutic Ultrasound Machine, Ultrasound Trolley, Parallel Bar for All Saints Home Jurong East.","ALL SAINTS HOME","Dental, Medical & Laboratory: Others","TenderBoard","","25 Sep","12 Oct","Live","https://www.tenderboard.biz/singaporetenders"
"","Provision and Installation of EV Charger and Associated Electrical Works","SINGAPORE YOUTH FLYING CLUB","Facilities Management: Electrical Engineering Services","TenderBoard","","25 Sep","19 Oct","Live","https://www.tenderboard.biz/singaporetenders"
"","SUPPLY, DELIVERY, INSTALLATION AND COMMISSIONING OF SLOT MACHINES FOR SAFRA NATIONAL SERVICE ASSOCIATION","SAFRA National Service Association","Others: Others","TenderBoard","","25 Sep","19 Oct","Live","https://www.tenderboard.biz/singaporetenders"
"","Re-Use/Conversion Of Existing swimming pool Area","The Salvation Army Territorial Headquarters","Transportation: Others","TenderBoard","","25 Sep","9 Oct","Live","https://www.tenderboard.biz/singaporetenders"
"","Provision of 15 MacBook Airs + AppleCare for Iman Staff","Persatuan Pemudi Islam Singapura (PPIS)","IT&Telecommunication: Notebooks","TenderBoard","","25 Sep","9 Oct","Live","https://www.tenderboard.biz/singaporetenders"
"","TENDER FOR DESIGN AND BUILD OF INTERACTIVE EXPERIENTIAL INSTALLATIONS AND SYSTEMS AT SAFRA YISHUN COUNTRY CLUB","SAFRA National Service Association","Construction: General Building & Minor Construction Works","TenderBoard","","24 Sep","14 Oct","Live","https://www.tenderboard.biz/singaporetenders"
"","Request for Information (RFI) – Budgetary Rates for Civil & Fiber Works Project - The purpose of this RFI is to establish an initial understanding of the market pricing, contractor capabilities and applicable rate structure for the required works. The rates submitted will be used for budgetary and commercial evaluation purposes only and do not constitute a commitment by SPTel to award any works.","SPTel Pte Ltd","Construction: Pipe or Cable Laying & Road Reinstatement","TenderBoard","","24 Sep","15 Oct","Live","https://www.tenderboard.biz/singaporetenders"
"","SCS Community Care Day 2026","Singapore Cancer Society","Not Specified","TenderBoard","","24 Sep","14 Oct","Live","https://www.tenderboard.biz/singaporetenders"
"","DESIGN DEVELOPMENT, FABRICATION, AND INSTALLATION WORKS AT SINGAPORE NAVY MUSEUM FOR THE COUNTY-CLASS LANDING SHIP TANKS (LSTs) OF THE RSN EXHIBITION","Defence Collective Singapore Ltd","Construction: Others","TenderBoard","","24 Sep","23 Oct","Live","https://www.tenderboard.biz/singaporetenders"
"","LED Wash Lighting With Console Control Cable Cabling and Installation","TANGLIN CLUB","Others: Others","TenderBoard","","24 Sep","14 Oct","Live","https://www.tenderboard.biz/singaporetenders"
"","Provision of Medical Transportation Services","KWONG WAI SHIU HOSPITAL","Not Specified","TenderBoard","","24 Sep","14 Oct","Live","https://www.tenderboard.biz/singaporetenders"
"","PROVISION OF SECURITY SERVICES AT LENTOR HEALTH NURSING HOME (MACPHERSON) (MPSNH) FROM JANUARY 2027 TO 31 DECEMBER 2029, WITH AN OPTIONAL TWO-YEAR EXTENSION","LENTOR HEALTH NURSING HOME","Miscellaneous: Others","TenderBoard","","23 Sep","28 Oct","Live","https://www.tenderboard.biz/singaporetenders"
"","Provision of research services for interviews and focus group discussions as part of the pilot evaluation of Enabled Living Programme from November 2026 to March 2027","SG ENABLE LTD.","Services: Professional Services","TenderBoard","","23 Sep","14 Oct","Live","https://www.tenderboard.biz/singaporetenders"
"","Request for Proposal (RFP) – Design, Upgrade and Enhancement of MTFA Playfield","Muslimin Trust Fund Association","Construction: Civil Engineering","TenderBoard","","23 Sep","30 Oct","Live","https://www.tenderboard.biz/singaporetenders"
"","Provision of Additional Chiller at Elementary School Building","Singapore American School","Facilities Management: Building, M&E Maintenance","TenderBoard","","23 Sep","26 Oct","Live","https://www.tenderboard.biz/singaporetenders"
"","TERM CONTRACT FOR THE MAINTENANCE OF TRANSFER AND BOOSTER PUMPS, AUTOMATIC REFUSE CHUTE FLUSHING SYSTEM AND ROLLER SHUTTERS FOR EUNOS, BEDOK RESERVOIR-PUNGGOL (BEDOK RESERVOIR ROAD) AND KAKI BUKIT DIVISIONS FOR A PERIOD OF 3 YEARS WITH THE OPTION TO EXTEND 2 YEARS","Aljunied-Hougang Town Council","Facilities Management: Electrical Engineering Services","TenderBoard","","22 Sep","14 Oct","Live","https://www.tenderboard.biz/singaporetenders"
"","TERM CONTRACT FOR BUILDING TRADEMEN’S WORKS FOR ALJUNIED-HOUGANG TOWN COUNCIL FOR A PERIOD OF 3 YEARS WITH THE OPTION TO EXTEND 2 YEARS","Aljunied-Hougang Town Council","Facilities Management: Building Tradesmen","TenderBoard","","22 Sep","14 Oct","Live","https://www.tenderboard.biz/singaporetenders"
"","CATERING SERVICES FOR THE YEAR-END CELEBRATORY LUNCH ON 29 DECEMBER 2026","Aljunied-Hougang Town Council","Event Organising, Food & Beverages: Catering Services","TenderBoard","","22 Sep","9 Oct","Live","https://www.tenderboard.biz/singaporetenders"
"","Swimming Pool Service And Maintenance Contract For Singapore American School For The Period 1 Nov 2026 To 31 Oct 2028 (24 Months)","Singapore American School","Facilities Management: Pumps Installation & Maintenance Swimming Pool Maintenance","TenderBoard","","21 Sep","16 Oct","Live","https://www.tenderboard.biz/singaporetenders"
"","Invitation to Tender for the Provision of Financial Operations and Report Services for SG Eco Fund","SG Eco Fund","Services: Professional Services","TenderBoard","","18 Sep","9 Oct","Live","https://www.tenderboard.biz/singaporetenders"
"","YSCC 627 F&E - Therapy Equipment [MOTOmed] (Section 11 - Item 139. MOTOmed)","Sree Narayana Mission (Singapore)","Administration & Training: Sports & Recreational Equipment","TenderBoard","","18 Sep","13 Oct","Live","https://www.tenderboard.biz/singaporetenders"
"","TENDER SICC/011/2026 SUPPLY & DELIVER OF PERISHABLE FOOD FOR SICC AT BUKIT & ISLAND LOCATION (1 YEAR)","The Singapore Island Country Club","Others: Others","TenderBoard","","18 Sep","9 Oct","Live","https://www.tenderboard.biz/singaporetenders"
"","ASH2026-06 Provision of Electricity for All Saints Home","ALL SAINTS HOME","Others: Others","TenderBoard","","18 Sep","9 Oct","Live","https://www.tenderboard.biz/singaporetenders"
"","INVITATION TO TENDER FOR THE PROVISION OF IN-HOUSE CAMPUS CLINICS (DUAL)","United World College of South East Asia","Dental, Medical & Laboratory: Others","TenderBoard","","18 Sep","13 Oct","Live","https://www.tenderboard.biz/singaporetenders"
"","TENDER FOR THE PROVISION OF CATERED LUNCH MEALS FOR MINDS REGIONAL HUBS, COMMUNITY HUBS, SATELLITE HUB,  OAKTREE AND STUDENT CARE CENTRES","MINDS","Event Organising, Food & Beverages: Catering Services","TenderBoard","","17 Sep","12 Oct","Live","https://www.tenderboard.biz/singaporetenders"
"","INVITATION TO TENDER PROPOSED REPAIR AND RESTORATION WORKS TO EXISTING SULTAN MOSQUE AT 3 MUSCAT STREET, SINGAPORE 198833","MOSQUE","Construction: General Building & Minor Construction Works","TenderBoard","","17 Sep","20 Oct","Live","https://www.tenderboard.biz/singaporetenders"
"","BDK CC CM and Renovation","NEW LIFE COMMUNITY SERVICES","Construction: Renovation Supplies & Services","TenderBoard","","16 Sep","9 Oct","Live","https://www.tenderboard.biz/singaporetenders"
"","BGB CC CM and Renovation","NEW LIFE COMMUNITY SERVICES","Construction: Renovation Supplies & Services","TenderBoard","","16 Sep","9 Oct","Live","https://www.tenderboard.biz/singaporetenders"
"","MPD CC CM and Renovation","NEW LIFE COMMUNITY SERVICES","Construction: Renovation Supplies & Services","TenderBoard","","16 Sep","9 Oct","Live","https://www.tenderboard.biz/singaporetenders"
"","TENDER FOR FLEXIBLE BENEFIT SYSTEM FOR MINDSG LTD FOR A PERIOD OF THREE YEARS FROM 1 JUL 2027 TO 30 JUN 2030","MINDS","Services: Professional Services","TenderBoard","","16 Sep","12 Oct","Live","https://www.tenderboard.biz/singaporetenders"
"","Friends of Singa Tablecloths","Singapore Kindness Movement","Administration & Training: Educational Supplies","TenderBoard","","15 Sep","15 Oct","Live","https://www.tenderboard.biz/singaporetenders"
"","TO2026020 - INVITATION TO TENDER FOR THE PROVISION OF AUDIO-VISUAL SYSTEM (AVS) FOR THE SIT PUNGGOL CAMPUS FOR SINGAPORE INSTITUTE OF TECHNOLOGY","SINGAPORE INSTITUTE OF TECHNOLOGY","IT&Telecommunication: IT Services & Software Development","TenderBoard","","15 Sep","12 Oct","Live","https://www.tenderboard.biz/singaporetenders"
"","Request For Proposal - Appointment Of Lead Consultant to Undertake Comprehensive Maintenance Initiative (CMI-2) to The Tanglin Club","TANGLIN CLUB","Services: Professional Services","TenderBoard","","14 Sep","12 Oct","Live","https://www.tenderboard.biz/singaporetenders"
"","Provision of manpower services for dismantling & reinstallation of fire protection equipment during HGPI outage of Unit-10 & Unit-20","PacificLight Power Pte Ltd","Others: Others","TenderBoard","","11 Sep","12 Oct","Live","https://www.tenderboard.biz/singaporetenders"
"","Provision of Vehicle Attendant Manpower Services","KWONG WAI SHIU HOSPITAL","Not Specified","TenderBoard","","11 Sep","9 Oct","Live","https://www.tenderboard.biz/singaporetenders"
"","Design & Build Renovation Works at Singapore Discovery Centre (SDC), Ceiling Works, Toilet Refurbishment and Accessibility Improvements","Defence Collective Singapore Ltd","Construction: General Building & Minor Construction Works","TenderBoard","","7 Sep","15 Oct","Live","https://www.tenderboard.biz/singaporetenders"
"","TO2026019 - INVITATION TO TENDER FOR PROPOSED NEW ERECTION OF SINGLE STOREY MANGROVE CONSERVATORY LABORATORY AT BLOCK 7 LEVEL 2 OF SINGAPORE INSTITUTE OF TECHNOLOGY","SINGAPORE INSTITUTE OF TECHNOLOGY","Construction: Interior Decoration","TenderBoard","","4 Sep","9 Oct","Live","https://www.tenderboard.biz/singaporetenders"
"","Insurance Tender 2027","Singapore Recreation Club","Others: Others","TenderBoard","","3 Sep","23 Oct","Live","https://www.tenderboard.biz/singaporetenders"
"","Management Workplan Retreat with EXCO from 19-21 November 2026","Sree Narayana Mission (Singapore)","Event Organising, Food & Beverages: Meeting Venues & Facilities","TenderBoard","","1 Sep","9 Oct","Live","https://www.tenderboard.biz/singaporetenders"
"","TO2026014 – INVITATION TO TENDER FOR THE DESIGN, DEVELOPMENT, IMPLEMENTATION AND MAINTENANCE OF CLOUD DATA PLATFORM FOR SINGAPORE INSTITUTE OF TECHNOLOGY","SINGAPORE INSTITUTE OF TECHNOLOGY","IT&Telecommunication: IT Services & Software Development","TenderBoard","","14 Aug","9 Oct","Live","https://www.tenderboard.biz/singaporetenders"
